{
  "config": {
    "seeds": [
      0,
      1,
      2
    ],
    "epochs": 12,
    "num_steps": 10,
    "beta": 0.95,
    "lr": 0.0005,
    "batch_size": 64,
    "train_subset": 6000,
    "test_subset": 2000,
    "num_hidden": 100,
    "conv_kernels": 5,
    "conv1": 12,
    "conv2": 64,
    "max_pooling": 2,
    "device": "mps",
    "disturb_probability": 0.5,
    "disturb_sigma_g": 0.5,
    "conditions": {
      "ideal": "ideal=True",
      "memristive_pf": "nonlinear Poole-Frenkel I-V, pf_stochastic=True, pf_frozen_variability=True, disturb_conductance=False",
      "fault": "memristive_pf PLUS disturb_conductance=True, disturb_mode='device_fixed', disturbance_probability=0.5, disturbance_sigma_g=0.5"
    },
    "archs": [
      "fc",
      "conv"
    ],
    "thesis_targets": {
      "fc": {
        "ideal": 91.73,
        "memristive": 79.54
      },
      "conv": {
        "ideal": 93.42,
        "memristive": 81.21
      }
    }
  },
  "fc": {
    "ideal": {
      "acc_hist": [
        [
          83.1149193548387,
          84.92943548387096,
          85.28225806451613,
          85.03024193548387,
          85.18145161290323,
          85.8366935483871,
          85.8366935483871,
          86.59274193548387,
          86.69354838709677,
          86.89516129032258,
          86.49193548387096,
          86.64314516129032
        ],
        [
          82.9133064516129,
          85.9375,
          87.34879032258064,
          87.34879032258064,
          87.70161290322581,
          88.10483870967742,
          87.29838709677419,
          88.50806451612904,
          88.55846774193549,
          89.26411290322581,
          88.25604838709677,
          88.91129032258064
        ],
        [
          82.56048387096774,
          86.64314516129032,
          87.14717741935483,
          87.8024193548387,
          89.0625,
          88.40725806451613,
          88.65927419354838,
          88.20564516129032,
          88.50806451612904,
          88.50806451612904,
          88.9616935483871,
          88.40725806451613
        ]
      ],
      "loss_hist": [
        [
          8.313501188831944,
          6.291475326784195,
          5.51140780602732,
          5.0613742720696235,
          4.710968909725066,
          4.581310010725452,
          4.362623114739695,
          4.271311683039511,
          4.20065067660424,
          4.076339960098267,
          3.9337987515234176,
          3.8790805839723155
        ],
        [
          8.347612165635631,
          6.467549847018335,
          5.533951167137392,
          5.0868241171683035,
          4.848092702127272,
          4.565623421822825,
          4.396343646510955,
          4.248068555708854,
          4.1136497451413065,
          4.115633679974463,
          4.026255984460154,
          3.8596199327899563
        ],
        [
          8.453560767635222,
          6.344816961596089,
          5.528643323529151,
          5.14084630627786,
          4.756933527608072,
          4.51226052161186,
          4.341433178993963,
          4.229152702516125,
          4.042380902074998,
          4.046458536578763,
          3.9346920059573267,
          3.7918983197981313
        ]
      ]
    },
    "memristive_pf": {
      "acc_hist": [
        [
          56.75403225806452,
          72.27822580645162,
          77.57056451612904,
          79.3850806451613,
          81.40120967741936,
          81.85483870967742,
          81.90524193548387,
          82.96370967741936,
          82.7116935483871,
          83.46774193548387,
          83.46774193548387,
          83.46774193548387
        ],
        [
          65.22177419354838,
          73.94153225806451,
          77.92338709677419,
          79.7883064516129,
          79.9899193548387,
          80.59475806451613,
          80.39314516129032,
          80.19153225806451,
          79.03225806451613,
          79.43548387096774,
          79.23387096774194,
          78.98185483870968
        ],
        [
          62.85282258064516,
          72.88306451612904,
          77.26814516129032,
          78.4274193548387,
          79.7883064516129,
          79.9899193548387,
          80.64516129032258,
          81.1491935483871,
          81.40120967741936,
          80.69556451612904,
          80.24193548387096,
          80.09072580645162
        ]
      ],
      "loss_hist": [
        [
          27.35567400532384,
          11.172819522119337,
          8.90134782175864,
          8.09651179467478,
          7.707489536654565,
          7.387952681510679,
          7.132732606703235,
          6.936890156038346,
          6.904108747359245,
          6.851075818461757,
          6.806952561101606,
          6.9112272416391685
        ],
        [
          12.965958902912755,
          9.648193451666064,
          8.12376316132084,
          7.38890104909097,
          6.969307807184035,
          6.749054808770457,
          6.5367342502840105,
          6.498976868967856,
          6.666128727697557,
          6.87280241135628,
          6.822408199310303,
          7.216805050449986
        ],
        [
          13.444932230057255,
          9.950626204090733,
          8.660272275247882,
          8.031959841328282,
          7.348439970324116,
          7.062606896123579,
          6.831423267241447,
          6.851093061508671,
          6.8791213497038814,
          7.050632199933452,
          7.141653622350385,
          7.234566403973487
        ]
      ]
    },
    "fault": {
      "acc_hist": [
        [
          11.693548387096774,
          19.00201612903226,
          22.681451612903224,
          24.596774193548388,
          25.100806451612904,
          25.907258064516128,
          26.20967741935484,
          25.806451612903224,
          26.058467741935484,
          26.81451612903226,
          28.72983870967742,
          29.33467741935484
        ],
        [
          14.66733870967742,
          13.76008064516129,
          13.659274193548388,
          13.256048387096774,
          13.709677419354838,
          13.911290322580646,
          14.0625,
          14.415322580645162,
          15.221774193548388,
          14.919354838709678,
          14.868951612903226,
          15.02016129032258
        ],
        [
          6.502016129032258,
          9.475806451612904,
          11.643145161290322,
          15.120967741935484,
          17.086693548387096,
          20.3125,
          20.866935483870968,
          20.866935483870968,
          21.723790322580644,
          22.631048387096776,
          22.933467741935484,
          23.034274193548388
        ]
      ],
      "loss_hist": [
        [
          1455.5489423198085,
          734.631839875252,
          522.9286341513357,
          403.4575943485383,
          331.8289489746094,
          287.387945851972,
          263.01248513498615,
          241.51524599136846,
          220.4910642562374,
          210.66277633174772,
          199.05284069430442,
          184.19223834622292
        ],
        [
          1221.432843608241,
          726.026126984627,
          540.431409282069,
          434.6934814453125,
          365.94548969884073,
          322.718009210402,
          288.89651883033014,
          268.418464906754,
          263.91124749952746,
          238.13052614273565,
          236.53948605445123,
          229.01314273957283
        ],
        [
          1054.6001193138861,
          625.796385734312,
          461.4451864919355,
          363.61089054230723,
          307.209720734627,
          266.70467548985636,
          227.04001789708292,
          207.92492232784147,
          190.3355247743668,
          179.02197634789252,
          173.23497846049648,
          160.4999502858808
        ]
      ]
    }
  },