{
  "map": "ohmic",
  "mode": "fixed",
  "rate": 0.5,
  "epochs": 5,
  "num_steps": 5,
  "train_subset": 4000,
  "seed": 0,
  "faulty": 13.315217391304348,
  "faulty_hist": [
    10.054347826086957,
    12.296195652173912,
    12.907608695652174,
    14.130434782608695,
    13.315217391304348
  ],
  "faulty+homeo": 13.315217391304348,
  "faulty+homeo_hist": [
    11.548913043478262,
    12.228260869565217,
    12.97554347826087,
    14.402173913043478,
    13.315217391304348
  ],
  "recovery": 0.0
}