{
  "map": "ohmic",
  "mode": "device",
  "rate": 0.5,
  "epochs": 5,
  "num_steps": 5,
  "train_subset": 4000,
  "seed": 0,
  "faulty": 14.741847826086957,
  "faulty_hist": [
    9.646739130434783,
    11.752717391304348,
    11.956521739130435,
    11.956521739130435,
    14.741847826086957
  ],
  "faulty+homeo": 15.692934782608695,
  "faulty+homeo_hist": [
    10.394021739130435,
    10.326086956521738,
    12.63586956521739,
    10.054347826086957,
    15.692934782608695
  ],
  "recovery": 0.9510869565217384
}