{
  "map": "pf",
  "mode": "device",
  "rate": 0.5,
  "epochs": 5,
  "num_steps": 5,
  "train_subset": 4000,
  "seed": 0,
  "faulty": 10.665760869565217,
  "faulty_hist": [
    10.529891304347826,
    10.597826086956522,
    9.307065217391305,
    11.209239130434783,
    10.665760869565217
  ],
  "faulty+homeo": 10.665760869565217,
  "faulty+homeo_hist": [
    10.597826086956522,
    10.665760869565217,
    8.763586956521738,
    11.752717391304348,
    10.665760869565217
  ],
  "recovery": 0.0
}