{
  "map": "pf",
  "mode": "fixed",
  "rate": 0.5,
  "epochs": 5,
  "num_steps": 5,
  "train_subset": 4000,
  "seed": 0,
  "faulty": 10.122282608695652,
  "faulty_hist": [
    10.46195652173913,
    10.80163043478261,
    11.141304347826088,
    10.46195652173913,
    10.122282608695652
  ],
  "faulty+homeo": 9.23913043478261,
  "faulty+homeo_hist": [
    10.529891304347826,
    9.307065217391305,
    11.345108695652174,
    10.394021739130435,
    9.23913043478261
  ],
  "recovery": -0.883152173913043
}