{
  "rate": 0.2,
  "device": "cuda",
  "epochs": 5,
  "num_steps": 5,
  "train_subset": 4000,
  "seed": 0,
  "faulty": 10.597826086956522,
  "faulty_hist": [
    10.258152173913043,
    10.80163043478261,
    10.46195652173913,
    10.394021739130435,
    10.597826086956522
  ],
  "faulty+homeo": 11.141304347826088,
  "faulty+homeo_hist": [
    9.986413043478262,
    10.869565217391305,
    9.986413043478262,
    10.190217391304348,
    11.141304347826088
  ],
  "recovery": 0.5434782608695663
}