{
  "rate": 0.4,
  "device": "cuda",
  "epochs": 5,
  "num_steps": 5,
  "train_subset": 4000,
  "seed": 0,
  "faulty": 10.665760869565217,
  "faulty_hist": [
    12.703804347826088,
    10.80163043478261,
    9.646739130434783,
    10.258152173913043,
    10.665760869565217
  ],
  "faulty+homeo": 10.733695652173912,
  "faulty+homeo_hist": [
    12.02445652173913,
    11.005434782608695,
    9.442934782608695,
    10.122282608695652,
    10.733695652173912
  ],
  "recovery": 0.06793478260869534
}