{
  "rate": 0.0,
  "device": "cuda",
  "epochs": 5,
  "num_steps": 5,
  "train_subset": 4000,
  "seed": 0,
  "ideal": 56.182065217391305,
  "ideal_hist": [
    25.0,
    30.29891304347826,
    41.03260869565217,
    50.203804347826086,
    56.182065217391305
  ],
  "ideal+homeo": 56.25,
  "ideal+homeo_hist": [
    19.157608695652176,
    26.29076086956522,
    41.50815217391305,
    49.932065217391305,
    56.25
  ]
}